/*M!999999\- enable the sandbox mode */ 
-- MariaDB dump 10.19-11.7.2-MariaDB, for debian-linux-gnu (x86_64)
--
-- Host: localhost    Database: board
-- ------------------------------------------------------
-- Server version	11.7.2-MariaDB-ubu2404

/*!40101 SET @OLD_CHARACTER_SET_CLIENT=@@CHARACTER_SET_CLIENT */;
/*!40101 SET @OLD_CHARACTER_SET_RESULTS=@@CHARACTER_SET_RESULTS */;
/*!40101 SET @OLD_COLLATION_CONNECTION=@@COLLATION_CONNECTION */;
/*!40101 SET NAMES utf8mb4 */;
/*!40103 SET @OLD_TIME_ZONE=@@TIME_ZONE */;
/*!40103 SET TIME_ZONE='+00:00' */;
/*!40014 SET @OLD_UNIQUE_CHECKS=@@UNIQUE_CHECKS, UNIQUE_CHECKS=0 */;
/*!40014 SET @OLD_FOREIGN_KEY_CHECKS=@@FOREIGN_KEY_CHECKS, FOREIGN_KEY_CHECKS=0 */;
/*!40101 SET @OLD_SQL_MODE=@@SQL_MODE, SQL_MODE='NO_AUTO_VALUE_ON_ZERO' */;
/*M!100616 SET @OLD_NOTE_VERBOSITY=@@NOTE_VERBOSITY, NOTE_VERBOSITY=0 */;

--
-- Table structure for table `address`
--

DROP TABLE IF EXISTS `address`;
/*!40101 SET @saved_cs_client     = @@character_set_client */;
/*!40101 SET character_set_client = utf8mb4 */;
CREATE TABLE `address` (
  `id` bigint(20) NOT NULL AUTO_INCREMENT,
  `author_id` bigint(20) NOT NULL,
  `country` varchar(255) DEFAULT NULL,
  `city` varchar(255) DEFAULT NULL,
  `street` varchar(255) DEFAULT NULL,
  PRIMARY KEY (`id`),
  KEY `author_id` (`author_id`),
  CONSTRAINT `address_ibfk_1` FOREIGN KEY (`author_id`) REFERENCES `author` (`id`)
) ENGINE=InnoDB AUTO_INCREMENT=5 DEFAULT CHARSET=utf8mb4 COLLATE=utf8mb4_uca1400_ai_ci;
/*!40101 SET character_set_client = @saved_cs_client */;

--
-- Dumping data for table `address`
--

LOCK TABLES `address` WRITE;
/*!40000 ALTER TABLE `address` DISABLE KEYS */;
INSERT INTO `address` VALUES
(1,1,'korea','seoul','dongjak'),
(2,2,'korea','seoul','seocho'),
(3,3,'korea','seoul','mapo'),
(4,4,'korea','jeju','seogwipo');
/*!40000 ALTER TABLE `address` ENABLE KEYS */;
UNLOCK TABLES;

--
-- Table structure for table `author`
--

DROP TABLE IF EXISTS `author`;
/*!40101 SET @saved_cs_client     = @@character_set_client */;
/*!40101 SET character_set_client = utf8mb4 */;
CREATE TABLE `author` (
  `id` bigint(20) NOT NULL AUTO_INCREMENT,
  `email` varchar(50) NOT NULL,
  `name` varchar(100) DEFAULT NULL,
  `password` varchar(255) NOT NULL,
  PRIMARY KEY (`id`),
  UNIQUE KEY `email` (`email`)
) ENGINE=InnoDB AUTO_INCREMENT=5 DEFAULT CHARSET=utf8mb4 COLLATE=utf8mb4_uca1400_ai_ci;
/*!40101 SET character_set_client = @saved_cs_client */;

--
-- Dumping data for table `author`
--

LOCK TABLES `author` WRITE;
/*!40000 ALTER TABLE `author` DISABLE KEYS */;
INSERT INTO `author` VALUES
(1,'kim1@naver.com','kim1','1234'),
(2,'kim2@naver.com','kim2','1234'),
(3,'kim3@naver.com','kim3','1234'),
(4,'aaa@naver.com','aaa','1234');
/*!40000 ALTER TABLE `author` ENABLE KEYS */;
UNLOCK TABLES;

--
-- Table structure for table `author_post`
--

DROP TABLE IF EXISTS `author_post`;
/*!40101 SET @saved_cs_client     = @@character_set_client */;
/*!40101 SET character_set_client = utf8mb4 */;
CREATE TABLE `author_post` (
  `id` bigint(20) NOT NULL AUTO_INCREMENT,
  `author_id` bigint(20) NOT NULL,
  `post_id` bigint(20) NOT NULL,
  PRIMARY KEY (`id`),
  KEY `author_id` (`author_id`),
  KEY `post_id` (`post_id`),
  CONSTRAINT `author_post_ibfk_1` FOREIGN KEY (`author_id`) REFERENCES `author` (`id`),
  CONSTRAINT `author_post_ibfk_2` FOREIGN KEY (`post_id`) REFERENCES `post` (`id`)
) ENGINE=InnoDB AUTO_INCREMENT=8 DEFAULT CHARSET=utf8mb4 COLLATE=utf8mb4_uca1400_ai_ci;
/*!40101 SET character_set_client = @saved_cs_client */;

--
-- Dumping data for table `author_post`
--

LOCK TABLES `author_post` WRITE;
/*!40000 ALTER TABLE `author_post` DISABLE KEYS */;
INSERT INTO `author_post` VALUES
(1,1,1),
(2,2,1),
(3,2,2),
(4,3,2),
(5,1,3),
(6,2,3),
(7,3,3);
/*!40000 ALTER TABLE `author_post` ENABLE KEYS */;
UNLOCK TABLES;

--
-- Table structure for table `author_post2`
--

DROP TABLE IF EXISTS `author_post2`;
/*!40101 SET @saved_cs_client     = @@character_set_client */;
/*!40101 SET character_set_client = utf8mb4 */;
CREATE TABLE `author_post2` (
  `author_id` bigint(20) NOT NULL,
  `post_id` bigint(20) NOT NULL,
  PRIMARY KEY (`author_id`,`post_id`),
  KEY `post_id` (`post_id`),
  CONSTRAINT `author_post2_ibfk_1` FOREIGN KEY (`author_id`) REFERENCES `author` (`id`),
  CONSTRAINT `author_post2_ibfk_2` FOREIGN KEY (`post_id`) REFERENCES `post` (`id`)
) ENGINE=InnoDB DEFAULT CHARSET=utf8mb4 COLLATE=utf8mb4_uca1400_ai_ci;
/*!40101 SET character_set_client = @saved_cs_client */;

--
-- Dumping data for table `author_post2`
--

LOCK TABLES `author_post2` WRITE;
/*!40000 ALTER TABLE `author_post2` DISABLE KEYS */;
/*!40000 ALTER TABLE `author_post2` ENABLE KEYS */;
UNLOCK TABLES;

--
-- Table structure for table `post`
--

DROP TABLE IF EXISTS `post`;
/*!40101 SET @saved_cs_client     = @@character_set_client */;
/*!40101 SET character_set_client = utf8mb4 */;
CREATE TABLE `post` (
  `id` bigint(20) NOT NULL AUTO_INCREMENT,
  `title` varchar(255) NOT NULL,
  `contents` varchar(10000) DEFAULT NULL,
  PRIMARY KEY (`id`)
) ENGINE=InnoDB AUTO_INCREMENT=10 DEFAULT CHARSET=utf8mb4 COLLATE=utf8mb4_uca1400_ai_ci;
/*!40101 SET character_set_client = @saved_cs_client */;

--
-- Dumping data for table `post`
--

LOCK TABLES `post` WRITE;
/*!40000 ALTER TABLE `post` DISABLE KEYS */;
INSERT INTO `post` VALUES
(1,'hi','hello'),
(2,'hi2','hello2'),
(3,'hi3','hello3');
/*!40000 ALTER TABLE `post` ENABLE KEYS */;
UNLOCK TABLES;
/*!40103 SET TIME_ZONE=@OLD_TIME_ZONE */;

/*!40101 SET SQL_MODE=@OLD_SQL_MODE */;
/*!40014 SET FOREIGN_KEY_CHECKS=@OLD_FOREIGN_KEY_CHECKS */;
/*!40014 SET UNIQUE_CHECKS=@OLD_UNIQUE_CHECKS */;
/*!40101 SET CHARACTER_SET_CLIENT=@OLD_CHARACTER_SET_CLIENT */;
/*!40101 SET CHARACTER_SET_RESULTS=@OLD_CHARACTER_SET_RESULTS */;
/*!40101 SET COLLATION_CONNECTION=@OLD_COLLATION_CONNECTION */;
/*M!100616 SET NOTE_VERBOSITY=@OLD_NOTE_VERBOSITY */;

-- Dump completed on 2025-05-30  7:07:25
